{"cameraMode":{"drawMode":0,"name":"Shaded","section":"Shading Mode"},"sceneLighting":true,"audioPlay":false,"sceneViewState":{"m_AlwaysRefresh":false,"showFog":true,"showSkybox":true,"showFlares":true,"showImageEffects":true,"showParticleSystems":true,"showVisualEffectGraphs":true,"m_FxEnabled":true},"in2DMode":false,"pivot":{"x":-1.4193332195281983,"y":-0.0052899643778800968,"z":0.882253885269165},"rotation":{"x":0.7028419971466065,"y":0.0042671337723731998,"z":-0.0042175124399363998,"w":0.7113264203071594},"size":4.393311023712158,"orthographic":true}