{"cameraMode":{"drawMode":0,"name":"Shaded","section":"Shading Mode"},"sceneLighting":true,"audioPlay":false,"sceneViewState":{"m_AlwaysRefresh":false,"showFog":true,"showSkybox":true,"showFlares":true,"showImageEffects":true,"showParticleSystems":true,"showVisualEffectGraphs":true,"m_FxEnabled":true},"in2DMode":false,"pivot":{"x":-0.01000000536441803,"y":-1.7022500038146973,"z":1.0045225620269776},"rotation":{"x":-0.0218046847730875,"y":-0.9684708118438721,"z":0.23174093663692475,"w":-0.09001517295837403},"size":3.0292770862579347,"orthographic":true}